First Name,Last Name,ID,Subject,Salary
Nora,Bridges,4693,Chemistry,64420
Ana,Todd,2498,Biology,85120
Spencer,Doyle,4135,Mechanical Engineering,80590
Roman,Burns,6916,Computer Engineering,60610
Dianna,Munoz,4023,Finance,89120
Chelsea,Taylor,5640,Mechanical Engineering,89220
Jessica,Harrison,4893,Computer Science,76220
Theresa,Gilbert,4302,Computer Engineering,89730
Nicole,Powell,9985,Computer Science,79480
Jaime,Colon,1412,Chemistry,66480
Erica,Bradley,1062,Computer Science,88350
Dan,Holt,5993,Computer Engineering,75480
Jeremy,Maldonado,8425,Mechanical Engineering,61450
Nettie,Gray,3244,Electrical Engineering,71760
Joel,Walters,1370,Finance,81390
Matthew,Gross,5435,Mechanical Engineering,85930
Cathy,Daniel,2163,Computer Engineering,72940
Delores,Conner,4431,Computer Science,71430
Andrew,Gutierrez,9689,Finance,89190
Leon,Haynes,6925,Biology,71720
Dallas,Bailey,5733,Mechanical Engineering,87560
Terri,Nunez,6871,Computer Science,73710
Hector,Holmes,8003,Mathematics,74560
Marta,Steele,5008,Computer Engineering,89080
Ellis,Gonzalez,6885,Mathematics,74680
Leona,Watkins,3190,Chemistry,74650
Eileen,Ballard,8628,Mathematics,80000
Roberto,Waters,9257,Mechanical Engineering,65870
Jim,May,9484,Electrical Engineering,74950
Traci,Mendoza,4129,Chemistry,88390
Marco,Lloyd,5046,Computer Science,86530
Hugo,Hunter,7033,Mechanical Engineering,70490
Archie,Hall,4882,Biology,79250
Edith,Dawson,4075,Computer Science,86650
Alfred,Harvey,7387,Biology,85470
Ashley,Bishop,9521,Literature,83600
Gilberto,Soto,7380,Mechanical Engineering,80520
Bert,Hubbard,6353,Electrical Engineering,77200
Rogelio,Gibson,6412,Biology,76270
Israel,Miller,9201,Mathematics,85820
Jimmy,Manning,5512,Computer Engineering,88140
Perry,Reid,4629,Chemistry,70970
Tyler,Kelley,3902,Electrical Engineering,65860
Andres,Mullins,8005,Biology,74470
Muriel,Sparks,5939,Biology,67710
Steve,Poole,7034,Mathematics,67570
Wilfred,Reed,2641,Biomedical Engineering,73170
Javier,Beck,7552,Mechanical Engineering,79090
Jay,Diaz,2193,Literature,81220
Mona,Mack,5317,Biomedical Engineering,73600
Eugene,Barnett,2625,Finance,68690
Clifton,Brady,7898,Finance,76440
Laurence,Schwartz,7481,Biomedical Engineering,86760
Damon,Carroll,6215,Chemistry,81670
Beulah,Byrd,9280,Electrical Engineering,72750
Eric,Potter,3778,Mechanical Engineering,60300
Drew,Porter,6823,Finance,62030
Patrick,Bryant,6960,Biology,81140
Yolanda,Jones,5063,Computer Engineering,88440
Carlos,Cortez,1748,Finance,80670
Leo,Shaw,4156,Biology,89230
Alexandra,Casey,2024,Literature,83520
Max,Collins,5057,Biomedical Engineering,63970
Felipe,Wong,5858,Finance,83420
Evelyn,Morales,5057,Industrial Engineering,73760
Jeffrey,Bates,2450,Mechanical Engineering,75690
Frances,Cruz,3256,Industrial Engineering,85450
Walter,McKinney,6066,Software Engineering,67260
Maryann,Valdez,3075,Finance,70920
Rachel,Glover,2980,Biology,82450
Dora,Daniels,7636,Literature,88350
Gail,Webb,7679,Software Engineering,84310
Evan,Alexander,9775,Finance,89340
Arnold,Little,5249,Computer Engineering,67300
Howard,Klein,9903,Software Engineering,62050
Taylor,Strickland,6017,Industrial Engineering,73270
Melanie,Matthews,5266,Software Engineering,88220
Freddie,Huff,8734,Chemistry,87930
Reginald,Greer,4386,Political Science,63110
Rolando,Norman,3893,Political Science,60620
Alma,Price,9944,Mechanical Engineering,80860
Sergio,Holloway,3528,Political Science,89010
Victoria,Cox,1861,Finance,66360
Lillie,Perkins,4853,Software Engineering,83910
Freda,Henry,6889,Literature,67620
Cameron,Lowe,7622,Biology,61240
Toni,Hamilton,1205,Computer Engineering,63020
Thomas,Sherman,3043,Electrical Engineering,85790
Crystal,Logan,9689,Political Science,64120
Bradford,Vega,7787,Mechanical Engineering,85760
Sally,Maxwell,4886,Political Science,85740
Charlie,Goodman,1391,Data Science,83270
Heather,Chandler,8943,Mechanical Engineering,85470
Madeline,Griffith,8345,Data Science,72140
Betty,Clark,8787,Data Science,60690
Sylvester,Elliott,1657,Political Science,85530
Virginia,Fuller,8593,Biology,81090
Philip,Flores,5455,Data Science,80260
Elena,Anderson,2442,Literature,60770
Darren,Briggs,8449,Mechanical Engineering,82330
